{
  "Total" : {
    "transaction" : "Total",
    "sampleCount" : 400,
    "errorCount" : 0,
    "errorPct" : 0.0,
    "meanResTime" : 929.5074999999999,
    "medianResTime" : 725.5,
    "minResTime" : 104.0,
    "maxResTime" : 3291.0,
    "pct1ResTime" : 1616.0,
    "pct2ResTime" : 2198.199999999999,
    "pct3ResTime" : 3170.9500000000025,
    "throughput" : 55.96753882748006,
    "receivedKBytesPerSec" : 2983.6786851126344,
    "sentKBytesPerSec" : 43.000996921785365
  },
  "Login-page" : {
    "transaction" : "Login-page",
    "sampleCount" : 100,
    "errorCount" : 0,
    "errorPct" : 0.0,
    "meanResTime" : 741.12,
    "medianResTime" : 629.5,
    "minResTime" : 233.0,
    "maxResTime" : 2864.0,
    "pct1ResTime" : 1113.7000000000003,
    "pct2ResTime" : 2095.9999999999973,
    "pct3ResTime" : 2863.2699999999995,
    "throughput" : 15.064778547755347,
    "receivedKBytesPerSec" : 572.9370668876168,
    "sentKBytesPerSec" : 1.941944109671588
  },
  "Home" : {
    "transaction" : "Home",
    "sampleCount" : 100,
    "errorCount" : 0,
    "errorPct" : 0.0,
    "meanResTime" : 1488.79,
    "medianResTime" : 1434.0,
    "minResTime" : 341.0,
    "maxResTime" : 3291.0,
    "pct1ResTime" : 2245.6000000000017,
    "pct2ResTime" : 2761.549999999999,
    "pct3ResTime" : 3290.79,
    "throughput" : 16.869095816464238,
    "receivedKBytesPerSec" : 1477.8336127277328,
    "sentKBytesPerSec" : 24.834471997300945
  },
  "Home-0" : {
    "transaction" : "Home-0",
    "sampleCount" : 100,
    "errorCount" : 0,
    "errorPct" : 0.0,
    "meanResTime" : 819.9099999999999,
    "medianResTime" : 762.0,
    "minResTime" : 104.0,
    "maxResTime" : 2869.0,
    "pct1ResTime" : 1102.7,
    "pct2ResTime" : 2035.3499999999965,
    "pct3ResTime" : 2868.83,
    "throughput" : 18.086453246518357,
    "receivedKBytesPerSec" : 25.548881465907037,
    "sentKBytesPerSec" : 14.872222033821668
  },
  "Home-1" : {
    "transaction" : "Home-1",
    "sampleCount" : 100,
    "errorCount" : 0,
    "errorPct" : 0.0,
    "meanResTime" : 668.2099999999999,
    "medianResTime" : 627.5,
    "minResTime" : 218.0,
    "maxResTime" : 2497.0,
    "pct1ResTime" : 824.4000000000001,
    "pct2ResTime" : 972.8499999999995,
    "pct3ResTime" : 2496.2599999999998,
    "throughput" : 18.063583815028903,
    "receivedKBytesPerSec" : 1556.9613241735913,
    "sentKBytesPerSec" : 11.739565457911851
  }
}